10a-labs	10a Labs
1x	1X
2020-companies	2020 Companies
2k	2K
2nd-order-solutions	2nd Order Solutions
360-it-professionals	360 IT Professionals
360care	360care
3m	3M
3redpartners	3RedPartners
42dot	42dot
7-eleven	7-Eleven
7shifts	7shifts
84-51-degrees	84.51 Degrees
a-thinking-ape	A Thinking Ape
a37	a37
aaa-club-alliance	AAA Club Alliance
aar	AAR
abacus-insights	Abacus Insights
abb	ABB
abbott	Abbott
abbvie	AbbVie
abdiel-capital	Abdiel Capital
aberdeen	Aberdeen
abnormal-security	Abnormal Security
abridge	Abridge
absci	Absci
acadian-asset-management	Acadian Asset Management
accenture	Accenture
acco-engineered-systems	ACCO Engineered Systems
accor	Accor
accuweather	AccuWeather
ace-hardware	Ace Hardware
acelero	Acelero
achievers	Achievers
aclu-kentucky	ACLU Kentucky
acretrader	AcreTrader
activate-group	Activate Group
activision-blizzard	Activision-Blizzard
acuity	Acuity
acuren	Acuren
acushnet-holdings	Acushnet Holdings
ada	Ada
adelaide-metrics	Adelaide Metrics
adelphi-real-world	Adelphi Real World
adf-international	ADF International
adobe	Adobe
adswerve	Adswerve
adt	ADT
adtheorant	Adtheorant
advance-auto-parts	Advance Auto Parts
advanced-energy	Advanced Energy
advantmed	Advantmed
adventist-health	Adventist Health
advocate-health-care	Advocate Health Care
advocates	Advocates
adyen	Adyen
aechelon-technology	Aechelon Technology
aecom	AECOM
aeg	AEG
aegis-therapies	Aegis Therapies
aerovironment	AeroVironment
aes	AES
aes-corporation	AES Corporation
aevex-aerospace	Aevex Aerospace
af-group	AF Group 
affinipay	AffiniPay
affirm	Affirm
aflac	Aflac
ag-technologies	AG Technologies
agco	AGCO
age-solutions	AGE Solutions
agile-defense	Agile Defense
agile-space-industries	AGILE Space Industries
agilent-technologies	Agilent Technologies
agiliti	Agiliti
agropur	Agropur
agzen	AgZen
ahead	AHEAD
ahold-delhaize-usa	Ahold Delhaize USA
ai-fund	AI Fund
aig	AIG
air-liquide	Air Liquide
air-products	Air Products
airbnb	Airbnb
airbus	Airbus
airgas	Airgas
airspace-intelligence	Airspace Intelligence
aj-bell	AJ Bell
akamai-technologies	Akamai Technologies
akima	Akima
akuna-capital	Akuna Capital
akuna-capital-university	Akuna Capital University
al-warren-oil-company	Al Warren Oil Company
alamar-biosciences	Alamar Biosciences
alation	Alation
albany-medical-college	Albany Medical College
albers-aerospace	Albers Aerospace
albertsons	Albertsons
alcon	Alcon
aledade	Aledade
alexion	Alexion
alfa-financial-software	Alfa Financial Software 
alfa-laval	ALFA LAVAL
alice-l-walton-school-of-medicine	Alice L. Walton School of Medicine
align-communications	Align Communications
alignerr	Alignerr
alixpartners	AlixPartners
alkami-technology	Alkami Technology
allegheny-county	Allegheny County
allegiant-air	Allegiant Air
allegion	Allegion
allen-control-systems	Allen Control Systems
alliance-laundry-systems	Alliance Laundry Systems
alliancebernstein	AllianceBernstein
alliant-energy	Alliant Energy
alliaxis	Alliaxis
allied-solutions	Allied Solutions
allina-health	Allina Health
allison-transmission	Allison Transmission
allium	Allium
allo-communications	Allo Communications
allstate	Allstate
allstate-insurance-company	Allstate Insurance Company
alltrails	AllTrails
alpha-fmc	Alpha FMC
alphasense	AlphaSense
alphasights	AlphaSights
alphataraxia	Alphataraxia
als-global	ALS Global
alsac	ALSAC
also	ALSO
altamira-technologies	Altamira Technologies
alten-technology	ALTEN Technology
altera-corporation	Altera Corporation
altera-digital-health	Altera Digital Health
altice-usa	Altice USA
altium	Altium
altium-packaging	Altium Packaging
altman-solon	Altman Solon
altom-transport	Altom Transport
altos-labs	Altos Labs
altruist	Altruist
alumni-ventures	Alumni Ventures
amae-health	Amae Health
amazing-lash-studios	Amazing Lash Studios
amazon	Amazon
ambarella	Ambarella
amcor	Amcor
amd	AMD
amentum	Amentum
ameren	Ameren
ameresco	Ameresco
american-axle-manufacturing	American Axle & Manufacturing
american-bankers-association	American Bankers Association
american-bureau-of-shipping	American Bureau of Shipping
american-century-investments	American Century Investments
american-electric-power	American Electric Power
american-enterprise-institute	American Enterprise Institute
american-equity	American Equity
american-express	American Express
american-fidelity	American Fidelity
american-financial-group	American Financial Group
american-heart-association	American Heart Association
american-rare-earths	American Rare Earths
american-red-cross	American Red Cross
american-structurepoint	American Structurepoint
american-systems	AMERICAN SYSTEMS
american-university	American University
american-vision-partners	American Vision Partners
ameriprise	Ameriprise
ameriprise-financial	Ameriprise Financial
ames-construction	Ames Construction
amgen	Amgen
amperity	Amperity
amplify	Amplify
amplitude	Amplitude
amtrust-financial	AmTrust Financial
analog-devices	Analog Devices
analytic-partners	Analytic Partners
analytical-mechanics-associates	Analytical Mechanics Associates
anant-llc	Anant LLC
anaplan	Anaplan
anavation-llc	AnaVation LLC
anchorage	Anchorage
andreessen-horowitz	Andreessen Horowitz
anduril	Anduril
anduril-industries	Anduril Industries
anglian-water	Anglian Water
anheuser-busch	Anheuser-Busch
anima	Anima
ankura-consulting-group	Ankura Consulting Group
ann-robert-h-lurie-children-s-hospital-of-chicago	Ann & Robert H. Lurie Children’s Hospital of Chicago
anoka-county-minnesota	Anoka County Minnesota
anomali	Anomali
ansys	Ansys
anti-capital	Anti Capital
antora-energy	Antora Energy
anvil	Anvil
anyscale	Anyscale
anysignal	AnySignal
anything	Anything
apderm-management	APDerm Management
apex-analytix	APEX Analytix
apex-fintech-solutions	Apex Fintech Solutions
apogee-engineering	Apogee Engineering
apollo-global	Apollo Global
apollo-global-management	Apollo Global Management
appdirect	AppDirect
appian	Appian
apple	Apple
applecart	Applecart
applied-fluid-power	Applied Fluid Power
applied-intuition	Applied Intuition
applied-materials	Applied Materials
applovin	AppLovin
aprio	Aprio
aptiv	Aptiv
aqr	AQR
aqr-capital-management	AQR Capital Management
aquatic-capital-management	Aquatic Capital Management
aramark	Aramark
arc	Arc
arc-teryx-equipment	Arc'teryx Equipment
arcade	Arcade
arcade-ai	Arcade AI
arcadis	Arcadis
arcesium	Arcesium
arch	Arch
arch-capital-group	Arch Capital Group
arconic	Arconic
arctic-wolf	Arctic Wolf
arctic-wolf-networks	Arctic Wolf Networks
ardent	Ardent
ardian	Ardian
argonne-national-laboratory	Argonne National Laboratory
ariensco	AriensCo
aristocrat-leisure	Aristocrat Leisure
aritzia	Aritzia
arizona-public-service	Arizona Public Service
arizona-state-university	Arizona State University
arjo	Arjo
arlington-county-va	Arlington County VA
arm-limited	Arm Limited
armada	Armada
armanino	Armanino
armstrong-group	Armstrong Group
armstrong-world-industries	Armstrong World Industries
arqiva	Arqiva
arrive-logistics	Arrive Logistics
arrow-electronics	Arrow Electronics
arrowhead-pharmaceuticals	Arrowhead Pharmaceuticals
arrowstreet-capital	Arrowstreet Capital
art-of-problem-solving	Art of Problem Solving
artech-information-system	Artech Information System
artefact	Artefact
arteraai	ArteraAI
arthrex	Arthrex
articul8	Articul8
artisan-partners	Artisan Partners
arup	Arup
asana	Asana
ascend-learning	Ascend Learning
ascensus	Ascensus
ashland	Ashland
asm-global	ASM Global
asm-international	ASM International
asml	ASML
aspentech	AspenTech
assa-abloy	ASSA ABLOY
assent	Assent
assetmark	AssetMark
assetworks	AssetWorks
associated-bank	Associated Bank
assort-health	Assort Health
assurant	Assurant
assured-guaranty	Assured Guaranty
astemo	Astemo
astera-labs	Astera Labs
astranis	Astranis
astrazeneca	AstraZeneca
astreya	Astreya
astronautics	Astronautics
asurion	Asurion
at-t	AT&T
atco	ATCO
athelas	Athelas
athena-health	Athena Health
athene	Athene
atkinsr-alis	AtkinsRéalis
atlantic-health-system	Atlantic Health System
atlas-copco-group	Atlas Copco Group
atlas-sp	ATLAS SP
atlas-van-lines	Atlas Van Lines
atlassian	Atlassian
atomic-semi	Atomic Semi
atos	Atos
atpco	ATPCO
atrium-health	Atrium Health
attain-partners	Attain Partners
attention-arc	Attention Arc
audax-group	Audax Group
augment	Augment
aurora	Aurora
aurora-innovation	Aurora Innovation
auto-club-enterprises	Auto Club Enterprises
auto-club-group	Auto Club Group 
auto-owners-insurance	Auto-Owners Insurance
autodesk	Autodesk
automated-systems-of-tacoma	Automated Systems of Tacoma
autoroboto	Autoroboto
av	AV
ava-labs	Ava Labs
avance-consulting	Avance Consulting
avertium	Avertium
avery-dennison	Avery Dennison
aveva	AVEVA
aviatrix	Aviatrix
avicenatech	AvicenaTech
avis-budget-group	Avis Budget Group
aviva	Aviva
awardco	Awardco
awe	AWE
awetomaton	Awetomaton
axalta	Axalta
axiom-space	Axiom Space
axle	Axle
axon	Axon
axos-bank	Axos Bank
axs	AXS
azuria-corporation	Azuria Corporation
babel-street	Babel Street
badger-meter	Badger Meter
bae-systems	BAE Systems
baird	Baird
baker-hughes	Baker Hughes
banco-bilbao-vizcaya-argentaria	Banco Bilbao Vizcaya Argentaria
bandwidth	Bandwidth
bank-of-america	Bank of America
bank-of-montreal	Bank of Montreal
bank-of-new-york-mellon	Bank of New York Mellon
banner-health	Banner Health
barclays	Barclays
barnard-college	Barnard College
barnes-noble-education	Barnes & Noble Education
barr	Barr
barrios	Barrios
barry-s	Barry's
barry-wehmiller	Barry-Wehmiller
bartlett-west	Bartlett & West
base	Base
base-power	Base Power
baselayer	Baselayer
baseten	Baseten
bass-pro-shops	Bass Pro Shops
battelle	Battelle
bausch-lomb	Bausch Lomb
baxter	Baxter
baxter-international	Baxter International
beam-therapeutics	Beam Therapeutics
becker-friedman-institute-for-economics	Becker Friedman Institute for Economics
becton-dickinson	Becton Dickinson
becton-dickinson-and-company	Becton, Dickinson and Company
bedrock-robotics	Bedrock Robotics
behaviour-interactive	Behaviour Interactive
belden	Belden
bell-partners	Bell Partners
belvedere-trading	Belvedere Trading
benchling	Benchling
beone	BeOne
berkleynet	BerkleyNet
berkshire-grey	Berkshire Grey
berkshire-hathaway-energy	Berkshire Hathaway Energy
bernhard	Bernhard
best-buy	Best Buy
best-friends	Best Friends
beta-technologies	Beta Technologies
beth-israel-lahey-health	Beth Israel Lahey Health
better-health-group	Better Health Group
betterhelp	BetterHelp
bevel	Bevel
beyond-new-horizons	Beyond New Horizons
bge	BGE
biamp	Biamp
bill	BILL
billiontoone	BillionToOne
bio-techne	Bio-Techne
bioagilytix	BioAgilytix
biogen	Biogen
biomed-realty	BioMed Realty
bird-construction	Bird Construction
bitgo	BitGo
bits	Bits
black-box	Black Box
black-canyon-consulting	Black Canyon Consulting
blackberry	Blackberry
blackedge-capital	BlackEdge Capital
blackhawk-network-holdings	Blackhawk Network Holdings
blackrock	BlackRock
blackstone	Blackstone
blarney-castle-oil	Blarney Castle Oil
blend	Blend
blend360	blend360
blissway	Blissway
blizzard	Blizzard
blizzard-entertainment	Blizzard Entertainment
block	Block
blockhouse	Blockhouse
bloom-energy	Bloom Energy
bloomberg	Bloomberg
bloomberg-industry-group	Bloomberg Industry Group
blue-cross-and-blue-shield-of-kansas	Blue Cross and Blue Shield of Kansas
blue-cross-and-blue-shield-of-minnesota	Blue Cross and Blue Shield of Minnesota
blue-cross-blue-shield-of-arizona	Blue Cross Blue Shield of Arizona
blue-cross-blue-shield-of-michigan	Blue Cross Blue Shield of Michigan
blue-origin	Blue Origin
blue-shield-of-california	Blue Shield of California
blue-yonder	Blue Yonder
bluecross-blueshied-of-tennessee	BlueCross BlueShied of Tennessee
bluecross-blueshield-of-nebraska	BlueCross BlueShield of Nebraska
bluecross-blueshield-of-tennessee	BlueCross BlueShield of Tennessee
bluelabs-analytics	BlueLabs Analytics
blueprint-technologies	Blueprint Technologies
bluescope	BlueScope
bluesprig	BlueSprig
bluestaq	Bluestaq
bmo	BMO 
bmw-group	BMW Group
bnp-paribas	BNP Paribas
bny	BNY
boeing	Boeing
boerboel	Boerboel
boldyn-networks	Boldyn Networks
bombardier	Bombardier
bombora	Bombora
bonterra	Bonterra
boom	Boom
boom-supersonic	Boom Supersonic
booz-allen	Booz Allen
borgwarner	BorgWarner
bosch	Bosch
bose	Bose
boson-ai	Boson Ai
bosselman-enterprises	Bosselman Enterprises
boston-consulting-group	Boston Consulting Group
boston-properties	Boston Properties
boston-scientific	Boston Scientific
bot-auto	Bot Auto
bowhead	Bowhead
box	Box
boys-girls-clubs-of-america	Boys & Girls Clubs of America
bp	BP
bracebridge-capital	Bracebridge Capital
brandes-associates	Brandes Associates
braun-intertec	Braun Intertec 
brave	Brave
braze	Braze
bree	Bree
breeze-airways	Breeze Airways
brellium	Brellium
brent-council	Brent Council
brevan-howard	Brevan Howard
brevian	Brevian
brevium	Brevium
brex	Brex
bridgewater-associates	Bridgewater Associates
bright-machines	Bright Machines
brightview-senior-living	Brightview Senior Living
brilliant	Brilliant
brink	Brink
bristol-myers-squibb	Bristol Myers Squibb
british-columbia-investment	British Columbia Investment
brm	BRM
broadcom-limited	Broadcom Limited
broadridge	Broadridge
brookfield	Brookfield
brookfield-asset-management	Brookfield Asset Management
brookfield-properties	Brookfield Properties
brookhaven-lab	Brookhaven Lab
brooks-automation	Brooks Automation
brooks-running	Brooks Running
brown-brothers-harriman	Brown Brothers Harriman
brown-brown-insurance	Brown & Brown Insurance
brunswick	Brunswick
brycetech	BryceTech
bse-global	BSE Global
bti-solutions	BTI Solutions
bumble	Bumble
bumble-engineering	Bumble Engineering
businessolver	Businessolver
bwe	BWE
by-light-professional-it-services	By Light Professional IT Services
bytedance	ByteDance
c-c-group	C & C Group
c-h-robinson	C.H. Robinson
c-s-wholesale-grocers	C&S Wholesale Grocers
c3-ai	C3.ai
c3aero	C3Aero
cable-one	Cable One
caci	CACI
cadence	Cadence
cadence-design-systems	Cadence Design Systems
cadence-solutions	Cadence Solutions
cadent	Cadent
cae	CAE
caesars-entertainment	Caesars Entertainment
cai	CAI
caisse-de-d-p-t-et-placement-du-qu-bec-cdpq	Caisse de dépôt et placement du Québec (CDPQ)
calico-labs	Calico Labs
cambia-health-solutions	Cambia Health Solutions
cambium-learning	Cambium Learning
cambridge-mobile-telematics	Cambridge Mobile Telematics
camlin	Camlin
camping-world	Camping World
campus-apartments	Campus Apartments
candid-health	Candid Health
cannondesign	CannonDesign
canonical	Canonical
cantina	Cantina
capco	Capco
cape	Cape
capella	Capella
capella-space	Capella Space
capital-group	Capital Group
capital-health	Capital Health
capital-one	Capital One
capital-power	Capital Power
capital-rx	Capital Rx
capital-technology-group	Capital Technology Group
capitolis	Capitolis
capstone	Capstone
captech-consulting	CapTech Consulting
captivation	Captivation
carbon	Carbon
carbon-direct	Carbon Direct
cardinal-health	Cardinal Health
carebridge	CareBridge
caresource	CareSource
cargill	Cargill
caribou-financial	Caribou Financial
caris	Caris
carmax	CarMax
carnegie-mellon-university	Carnegie Mellon University
carollo-engineers	Carollo Engineers
carrier-global	Carrier Global
cars-commerce	Cars Commerce
carta-healthcare	Carta Healthcare
carter-s	Carter's
cartesia	Cartesia
carvana	Carvana
caseguard	CaseGuard
castleton-commodities-international	Castleton Commodities International
catalent	Catalent
catbird	Catbird
caterpillar	Caterpillar
caterpillar-inc	Caterpillar Inc.
causeway-capital-management	Causeway Capital Management
cboe	Cboe
ccc-intelligent-solutions	 CCC Intelligent Solutions
cdk	CDK
cdk-global	CDK Global
cdw-corporation	CDW Corporation
celestial-ai	Celestial AI
cellular-sales	Cellular Sales
celonis	Celonis
cencora	Cencora
censys	Censys
centene	Centene
center-for-ai-safety	Center for AI Safety
centerline-communications	Centerline Communications
centerstone	Centerstone
centific	Centific
central-hudson	Central Hudson
centrica	Centrica
centurylink	CenturyLink
cerence	Cerence
cerity-partners	Cerity Partners
certara	Certara
cesiumastro	CesiumAstro
cgi	CGI
cgs-federal-contact-government-services	CGS Federal (Contact Government Services)
cha-consulting	CHA Consulting
chainlink-labs	Chainlink Labs
chalk	Chalk
chamberlain-group	Chamberlain Group
championx	ChampionX
chanel	Chanel
chapter-2	Chapter 2
chargepoint	ChargePoint
charles-river-associates-cra	Charles River Associates (CRA)
charles-schwab	Charles Schwab
charter-manufacturing	Charter Manufacturing
chase	Chase
chatham-financial	Chatham Financial
chemours	Chemours
chess	Chess
chevron-corporation	Chevron Corporation
chewy	Chewy
chicago-trading-company	Chicago Trading Company
chick-fil-a	Chick-fil-A
children-s-hospital-of-philadelphia	Children's Hospital of Philadelphia
chime	Chime
chipstack	ChipStack
choice-hotels	Choice Hotels
chord-energy	Chord Energy
chowbus	ChowBus
chs	CHS
chubb	Chubb
church-dwight	Church & Dwight
cibc	CIBC
ciena	Ciena
cigna-group	Cigna Group
cincinnati-children-s-hospital-and-medical-center	Cincinnati Children’s Hospital and Medical Center
cincinnati-financial	Cincinnati Financial
cintas	Cintas
circle	Circle
cirrus-logic	Cirrus Logic
cisco	Cisco
cisive	Cisive
citadel	Citadel
citadel-securities	Citadel Securities
citco	Citco
citi	Citi
citigroup	Citigroup
citizen-health	Citizen Health
citizens-financial-group	Citizens Financial Group
city-of-amarillo	City of Amarillo
city-of-baltimore	City of Baltimore
city-of-burlington	City of Burlington
city-of-greeley	City of Greeley
citylitics	Citylitics
civil-environmental-consultants	Civil & Environmental Consultants
clarios	Clarios
clarity-innovations	Clarity Innovations
clayton	Clayton
cleanspark	CleanSpark
clear	CLEAR
clearesult	CLEAResult
clearway-energy	Clearway Energy
clerkie	Clerkie
cleveland-cliffs	Cleveland-Cliffs
cleveland-clinic	Cleveland Clinic
clever	Clever
cliftonlarsonallen	CliftonLarsonAllen
clio	Clio
clipbook	Clipbook
clo-virtual-fashion	CLO Virtual Fashion
clorox	Clorox
cloudera	Cloudera
cloudflare	Cloudflare
cluely	Cluely
cmc-markets	CMC Markets
cme-group	CME Group
cms-energy	CMS Energy
cmtelematics	CMTelematics
cna	CNA
cna-financial-corp	Cna Financial Corp
coalition	Coalition
cobalt-robotics	Cobalt Robotics
cobank	CoBank
cobot	CoBot
coco-robotics	COCO Robotics
codal	Codal
cogeco	Cogeco
cognex	Cognex
cognitiv	Cognitiv
cognito-therapeutics	Cognito Therapeutics
cohere	Cohere
coherent	Coherent 
cohesity	Cohesity
coinbase	Coinbase
collaborative-robotics	Collaborative Robotics
collective-health	Collective Health
collective-hub	Collective Hub
colliers	Colliers
colonial-pipeline-company	Colonial Pipeline Company
colorado-school-of-mines	Colorado School of Mines
comcast	Comcast
commerce-architects	Commerce Architects
commerce-bank	Commerce Bank
commonlit	CommonLit
commonwealth-fusion-systems	Commonwealth Fusion Systems
commonwealth-of-massachusetts	Commonwealth of Massachusetts
commscope	CommScope
community-health-systems	Community Health Systems
community-memorial-hospital-ventura	Community Memorial Hospital Ventura
commure	Commure
compassion-international	Compassion International
compassx-group	CompassX Group
compeer-financial	Compeer Financial
compscience	CompScience
comptech	CompTech
computer-services	Computer Services
computershare	Computershare
comscore	Comscore
conagra-brands	Conagra Brands
concentric	Concentric
conductor	Conductor
conduent	Conduent
confluent	Confluent
connection	Connection
connectprep	ConnectPrep
connectwise	ConnectWise
conner-strong-buckelew	Conner Strong & Buckelew
conocophillips	ConocoPhillips
consolidated-edison	Consolidated Edison
constant-contact	Constant Contact
constellation-brands	Constellation Brands
constellation-technologies	Constellation Technologies
continental	Continental
continental-resources	Continental Resources
continue	Continue
contoro	Contoro
cook-group	Cook Group
cook-systems	Cook Systems
cooper-companies	Cooper Companies
copart	Copart
copeland	Copeland
corcept-therapeutics	Corcept Therapeutics
core-one	Core One
corebridge-financial	Corebridge Financial
coreweave	CoreWeave
corewell-health	Corewell Health
cority	Cority
corner-alliance	Corner Alliance
corning	Corning
corpay	Corpay
corsair	Corsair
corteva	Corteva
corteva-agriscience	Corteva Agriscience
costar	CoStar
costar-group	CoStar Group
cotiviti	Cotiviti
cottingham-butler	 Cottingham & Butler
courier-health	Courier Health
covar	CoVar
covenant-health	Covenant Health
covestro	Covestro
cox	Cox
coxhealth	CoxHealth
cpi-security	CPI Security
crane-co	Crane Co.
creatify-lab	Creatify Lab 
creation-technologies	Creation Technologies
creative-artists-agency	Creative Artists Agency
credence	Credence
credit-acceptance-careers	Credit Acceptance Careers
credit-genie	Credit Genie
credit-karma	Credit Karma
cresta	Cresta
cretex-medical	Cretex Medical
critical-mass	Critical Mass
crowdgen-by-appen	CrowdGen by Appen
crowdstrike	Crowdstrike
crowdvolt	CrowdVolt
crowe	Crowe
cruciallogics	CrucialLogics
crum-forster	Crum & Forster
crum-forster-insurance	Crum & Forster Insurance
crusoe	Crusoe
csaa-insurance-group	CSAA Insurance Group
csc	CSC
csl	CSL
csx	CSX
ctb	CTB
ctc	CTC
cteh	CTEH
cubic	Cubic
cultivarium	Cultivarium
cummins	Cummins
curriculum-associates	Curriculum Associates
curtiss-wright-corporation	Curtiss-Wright Corporation
curve-dental	Curve Dental
cvs-health	CVS Health
cwan	CWAN
cyrusone	CyrusOne
d-e-shaw	D. E. Shaw
d-r-horton	D.R. Horton
d2-consulting	D2 Consulting
d2l	D2L
d3	D3
da-vinci	Da Vinci
daifuku	Daifuku
daikin-applied	Daikin Applied
daimler-truck	Daimler Truck
dairyland-power-cooperative	Dairyland Power Cooperative
daktronics	Daktronics
dallas-college	Dallas College
dallas-county	Dallas County
dallas-fort-worth-international-airport	Dallas Fort Worth International Airport
danaher-corporation	Danaher Corporation
dandy	Dandy
daniel-j-edelman-holdings	Daniel J Edelman Holdings
darkhiv	Darkhiv
darkhive	Darkhive
data-intellect	Data Intellect
databricks	Databricks
datacor	Datacor
datadirect-networks-ddn	DataDirect Networks (DDN)
datadog	Datadog
dataiku	Dataiku
datalab-usa	Datalab USA
datarobot	DataRobot
datavisor	DataVisor
datologyai	DatologyAI
dave-busters	Dave & Busters
david-yurman	David Yurman
davidson-hospitality-group	Davidson Hospitality Group
davita	DaVita
daxko-nation	Daxko Nation
dayton-freight-lines	Dayton Freight Lines
dch-health-system	DCH Health System
decagon	Decagon
deckers-brands	Deckers Brands
deep-genomics	Deep Genomics
deepintent	DeepIntent
deepmind	DeepMind
deer-valley-resort	Deer Valley Resort
definity-financial	Definity Financial
dell-technologies	Dell Technologies
deloitte	Deloitte
delta-dental	Delta Dental
delta-solutions-strategies	Delta Solutions & Strategies
deluxe-media	Deluxe Media
dematic	Dematic
demiurge-studios	Demiurge Studios
democratic-national-committee	Democratic National Committee
denso	Denso
descript	Descript
desri	DESRI
detroit-defense	Detroit Defense
detroit-lions	Detroit Lions
deutsche-bank	Deutsche Bank
dev-technology-group	Dev Technology Group
devon-energy	Devon Energy
dexcom	Dexcom
dexterity	Dexterity
dialpad	Dialpad
diamondback-energy	Diamondback Energy
dick-s-sporting-goods	Dick's Sporting Goods
diebold-nixdorf	Diebold Nixdorf
digikey	DigiKey
digital-realty	Digital Realty
digitalocean	DigitalOcean
diligent-corporation	Diligent Corporation
dillards	Dillards
dimensional-fund-advisors	Dimensional Fund Advisors
direct-supply	Direct Supply
directv	DIRECTV
disney	Disney
diverge-health	Diverge Health
divergent-technologies	Divergent Technologies
diversified-automation	Diversified Automation
dl-trading	DL Trading
dla-piper	DLA Piper
dma	DMA
dmi	DMI
dnv	DNV
docugami	Docugami
docusign	Docusign
dolby-laboratories-inc	Dolby Laboratories, Inc.
doma	Doma
dominion-energy	Dominion Energy
domino-data-lab	Domino Data Lab
domo	Domo
donaldson-company	Donaldson Company
doordash	DoorDash
dotdash-meredith	DotDash Meredith
dover	Dover
dow	Dow
dow-chemical-company	Dow Chemical Company
dow-jones	Dow Jones
dp-world	DP World
draftkings	DraftKings
draper	Draper
drivetime	DriveTime
drivetrain	Drivetrain
drivewealth	DriveWealth
dropbox	Dropbox
drw	DRW
drw-holdings	DRW Holdings
dtcc	DTCC
dubois	DuBois
ducharme-mcmillen-associates	DuCharme, McMillen & Associates
duke-energy	Duke Energy
dun-bradstreet	Dun & Bradstreet
duolingo	Duolingo
dv-trading	DV Trading
dxc-technology	DXC Technology
e-space	E-Space
e2-optics	E2 Optics
eaglepicher-technologies	EaglePicher Technologies
early-warning	Early Warning
earnest	Earnest
earnin	EarnIn
eastman-chemical	Eastman Chemical
eaton-corporation	Eaton Corporation
ebay	eBay
ebsco	EBSCO
echo-global-logistics	Echo Global Logistics
ecolab	Ecolab
econtrols	EControls
edenred	Edenred
edgehog-trading	Edgehog Trading
edison-international	Edison International
edx	edX
eight-sleep	Eight Sleep
ekimetrics	Ekimetrics
ekn-engineering	EKN Engineering
elanco	Elanco
electric-boat	Electric Boat
electronic-arts	Electronic Arts
electronic-therapy	Electronic Therapy
elekta	Elekta
element-biosciences	Element Biosciences
elevance-health	Elevance Health
elevenlabs	ElevenLabs
elf-beauty	Elf Beauty
elicit	Elicit
eliseai	EliseAI
ellipsis-labs	Ellipsis Labs
elsevier	Elsevier
eluvio	Eluvio
ema	Ema
ember-ai	Ember AI
embrace	Embrace
emc-insurance	EMC Insurance
emergent-holdings	Emergent Holdings 
emerson	Emerson
emerson-electric	Emerson Electric
emory-university	Emory University
empire-state-realty-trust	Empire State Realty Trust
empirical	Empirical
empirical-security	Empirical Security
empist	EMPIST
employee-navigator	Employee Navigator
empower	Empower
empower-ai	Empower AI
emsi	Emsi
enable	Enable
encord	Encord
encore-capital-group	Encore Capital Group
encore-fire-protection	Encore Fire Protection
endeavor-air	Endeavor Air
endeavor-health	Endeavor Health
energy-recovery	Energy Recovery
energy-transfer-partners	Energy Transfer Partners
engineering-economics	Engineering Economics
engineers-gate	Engineers Gate
enova	Enova
ensco	ENSCO
ensign-bickford-aerospace-defense-company	Ensign-Bickford Aerospace & Defense Company
ensora-health	Ensora Health
entegris	Entegris
entrata	Entrata
entrust	Entrust
enveda-biosciences	Enveda Biosciences
envista	Envista
envoy	Envoy
eos	EOS
eos-energy-storage	Eos Energy Storage
epic	Epic
epic-games	Epic Games
epicor	Epicor
epicrispr-biotechnologies	Epicrispr Biotechnologies
epiroc	Epiroc
epirus	Epirus
epsilon	Epsilon
eq-bank	EQ Bank
eqt-corporation	EQT Corporation
equativ	Equativ
equifax	Equifax
equinox	Equinox
equip-health	Equip Health
equipmentshare	EquipmentShare
equitable-holdings	Equitable Holdings
equiti	Equiti
equity-residential	Equity Residential
ericsson	Ericsson
erie-insurance-group	Erie Insurance Group
ernst-young	Ernst & Young
esri	Esri
essen-health-care	Essen Health Care
essity	Essity
estes-forwarding-worldwide	Estes Forwarding Worldwide
etched-ai	Etched.ai
ethereum-foundation	Ethereum Foundation
ethglobal	ETHGlobal
etsy	Etsy
eudia	Eudia
eulerity	Eulerity
euna-solutions	EUNA Solutions
eurofins	Eurofins
eventual	Eventual
evenup	EvenUp
ever-ag	Ever.Ag
evercommerce	EverCommerce
evercore	Evercore
everdriven	EverDriven
everest	Everest
everlaw	Everlaw
everquote	EverQuote
eversource-energy	Eversource Energy
everstream-analytics	Everstream Analytics
evgo	EVgo
evolent	Evolent
evolve-technology	Evolve Technology
evotec	Evotec
exact-sciences	Exact Sciences
excel-sports-management	Excel Sports Management
exegy	Exegy
exl	EXL
exoduspoint	ExodusPoint
exowatt	Exowatt
expedia	Expedia
expedia-group	Expedia Group
expedition-technology	Expedition Technology
experian	Experian
exponent	Exponent
extra-space-storage	Extra Space Storage
extrahop	ExtraHop
exxonmobil	ExxonMobil
fable	Fable
fable-security	Fable Security
factset	FactSet
faire	Faire
fairlife	Fairlife
faith-technologies	Faith Technologies
falcomm	Falcomm
falconwood	Falconwood
fanatics	Fanatics
fannie-mae	Fannie Mae
faraday-future	Faraday Future
farallon-capital-management	Farallon Capital Management
fashion-nova	Fashion Nova
federal-home-loan-bank-of-indianapolis	Federal Home Loan Bank of Indianapolis
fedex	FedEx
fermat	Fermat
fermilab	Fermilab
ferrovial	Ferrovial
fever-up	Fever Up
fgs-global	FGS Global
fhlbank-atlanta	FHLBank Atlanta
fhlbank-chicago	FHLBank Chicago
fiber	Fiber
fico	FICO
fidelity	Fidelity
fidelity-investments	Fidelity Investments
fidelity-national-financial	Fidelity National Financial
fidelity-national-information-services	Fidelity National Information Services
field-ai	Field AI
fifth-third	Fifth Third
fifth-third-bank	Fifth Third Bank
figma	Figma
figure	Figure
figure-ai	Figure AI
financial-technology-partners	Financial Technology Partners
finastra	Finastra
findhelp-a-public-benefit-corporation	Findhelp, A Public Benefit Corporation
finix	Finix
firework	Firework
fireworks-ai	Fireworks AI
first-american	First American
first-financial	First Financial 
first-financial-bank	First Financial Bank
first-national-bank	First National Bank
first-quality	First Quality
firstprinciples	FirstPrinciples
fis	FIS
fiserv	Fiserv
five-rings	Five Rings
five-rings-capital	Five Rings Capital
five9	Five9
fizz	Fizz
flagship-pioneering	Flagship Pioneering
flagstone-capital	Flagstone Capital
fleetpulse	FleetPulse
flex	Flex
flexgen	FlexGen
flexport	Flexport
flight-schedule-pro	Flight Schedule Pro
flip	Flip
flock-safety	Flock Safety
flosports	FloSports
flow-traders	Flow Traders
flowserve	Flowserve
flywheel-digital	Flywheel Digital
fm-global	FM Global
fmc-corporation	FMC Corporation
fnbo	FNBO
fnz	FNZ
focuskpi	FocusKPI
foley-lardner-llp	Foley & Lardner LLP
folia-health	Folia Health
forage	Forage
force-factor	Force Factor
ford-motor-company	Ford Motor Company
formlabs	Formlabs
formstack	Formstack
forrester	Forrester
forterra	Forterra
fortinet	Fortinet
fortive	Fortive
fortna	FORTNA
fortra	Fortra
found-energy	Found Energy
foundant-technologies	Foundant Technologies
four-hands	Four Hands
four-seasons	Four Seasons
fourkites	FourKites
fox	FOX
fractal	Fractal
franklin-st	Franklin St
franklin-templeton	Franklin Templeton
freddie-mac	Freddie Mac
freeform	Freeform
fresenius-medical-care	Fresenius Medical Care
freudenberg-group	Freudenberg Group
frost	Frost
fti-consulting	FTI Consulting
fujitsu	Fujitsu
full-sail	Full Sail
fullbay	Fullbay
fullscript	Fullscript
fullsteam	Fullsteam
fulton-bank	Fulton Bank
fundamental-research-labs	Fundamental Research Labs
future-publishing	Future Publishing
futurecare	FutureCare
galactic-resource-advancement-mechanism-technologies-corporation	Galactic Resource Advancement Mechanism Technologies Corporation
galaxy	Galaxy
galileo-financial-technologies	Galileo Financial Technologies
gannet-fleming	Gannet Fleming
gannett-fleming	Gannett Fleming
gap	GAP
garage	Garage
garda-capital-partners	Garda Capital Partners
garmin	Garmin
garner-health	Garner Health
garrett-motion	Garrett Motion
gartner	Gartner
gas-south	Gas South
gauntlet-networks	Gauntlet Networks
gci	GCI
gcm-grosvenor	GCM Grosvenor
gdit	GDIT
ge-aerospace	GE Aerospace
ge-appliances	GE Appliances
ge-healthcare	GE Healthcare
ge-vernova	GE Vernova
gearset	Gearset
gecko-robotics	Gecko Robotics
geico	Geico
gelber-group	Gelber Group
gemini	Gemini
gen	Gen
genbio-ai	GenBio AI
genentech	Genentech
generac	Generac
general-dynamics	General Dynamics
general-dynamics-information-technology	General Dynamics Information Technology
general-dynamics-mission-systems	General Dynamics Mission Systems
general-dynamics-uk	General Dynamics UK
general-motors	General Motors
genesis	Genesis 
genesis-therapeutics	Genesis Therapeutics
genesys	Genesys
geneva-trading	Geneva Trading
genies	Genies
genmab	Genmab
genmo	Genmo
gensler	Gensler
gensyn	Gensyn
gentex-corporation	Gentex Corporation
genuine-parts-company	Genuine Parts Company
genworth	Genworth
genworth-financial	Genworth Financial
geocomply	GeoComply
georgetown-university	Georgetown University
geosyntec-consultants	Geosyntec Consultants
geotab	Geotab
ghd	GHD
gilead-sciences	Gilead Sciences
gimlet-labs	Gimlet Labs
gipathfinder	GIPathfinder
github	GitHub
gladia	Gladia
glean	Glean
glide	Glide
global-atlantic-financial-group	Global Atlantic Financial Group
global-infrastructure	Global Infrastructure
global-lending-services	Global Lending Services
global-partners	Global Partners
global-payments	Global Payments
global-relay	Global Relay
globalfoundries	GlobalFoundries
globus-medical	Globus Medical
glossgenius	GlossGenius
glydways	Glydways
gm-financial	GM financial
gmo	GMO
godaddy	GoDaddy
gofundme	GoFundMe
goldman-sachs	Goldman Sachs
golin	Golin
good-inside	Good Inside
goodfire	Goodfire
goodleap	Goodleap
goodnotes	Goodnotes
goodship	GoodShip
google	Google
gopuff	Gopuff
gotion	Gotion
gp-fund-solutions	GP Fund Solutions
gpc	GPC
gptzero	GPTZero
graham-capital-management	Graham Capital Management
grammarly	Grammarly
grand-canyon-education	Grand Canyon Education
granite-construction	Granite Construction
grant-thornton	Grant Thornton
graphcore	Graphcore
grassroots-analytics	Grassroots Analytics
grayce	Grayce
great-american-insurance	Great American Insurance
great-american-insurance-company	Great American Insurance Company
greatamerica	GreatAmerica
greatamerica-financial-services	GreatAmerica Financial Services
greenwood-village-south	Greenwood Village South
gridmatic	Gridmatic
groundswell	Groundswell
group-1001	Group 1001
grow-financial-federal-credit-union	Grow Financial Federal Credit Union
gsa-capital	GSA Capital
gts	GTS
guardian-life	Guardian Life
guidehouse	Guidehouse
guidepoint-security	GuidePoint Security
guidestone	GuideStone
guidewell-mutual	GuideWell Mutual
guidewire	Guidewire
gulfstream	Gulfstream
gumgum	GumGum
gumloop	Gumloop
gunvor	Gunvor
gusto	Gusto
h-b-fuller	H.B. Fuller
hackerrank	HackerRank
hadrian	Hadrian
haize-labs	Haize Labs
haleon	Haleon
halifax-health	Halifax Health
halliburton	Halliburton
handshake	Handshake
harbinger-motors	Harbinger Motors
harbor	Harbor
harbourvest	HarbourVest
harman-international	HARMAN International
harmonia	Harmonia
harmonic	Harmonic
harris	Harris
harris-computer	Harris Computer
hartford-financial-services	Hartford Financial Services
harvard-business-publishing	Harvard Business Publishing
harvest-midstream	Harvest Midstream
harvey	Harvey
hastings-direct	Hastings Direct
hawk-eye-innovations	Hawk-Eye Innovations
hcsc	HCSC
hd-supply	HD Supply
health-research	Health Research
hearst	Hearst
heidelberg-materials	Heidelberg Materials
heidi-health	Heidi Health
helion-energy	Helion Energy
hello-fresh	Hello Fresh
helsing	Helsing
henry-schein	Henry Schein
here-technologies	HERE Technologies
hermeus	Hermeus
heron-power	Heron Power
hersha-hospitality-management	Hersha Hospitality Management
hertz	Hertz
hewlett-packard-enterprise	Hewlett Packard Enterprise
hewlett-packard-hp	Hewlett Packard (HP)
hexagon	Hexagon
hexagon-ab	Hexagon AB 
hexaware	HEXAWARE
heygen	HeyGen
hf-sinclair	HF Sinclair
hhaexchange	hhaexchange
higher-logic	Higher Logic
highmark-health	Highmark Health
highspot	Highspot
hilcorp	Hilcorp
hillenbrand	Hillenbrand
hines	Hines
hireology	Hireology
hiscox	Hiscox
hitachi	Hitachi
hitachi-energy	Hitachi Energy
hive	Hive
hive-financial-systems	Hive Financial Systems
hivewatch	HiveWatch
hmh	HMH
hntb	HNTB
hoffman-construction	Hoffman Construction
holman	Holman
hologic	Hologic
home-chef	Home Chef
hometap	Hometap
homevision	HomeVision
hone-health	Hone Health
honeywell	Honeywell
honk	HONK
hootsuite	Hootsuite
horace-mann	Horace Mann
horizon-development-group	Horizon Development Group
horizon-media	Horizon media
horizon-nj-health	Horizon NJ Health
horizon-surgical-systems	Horizon Surgical Systems
horizon3-ai	Horizon3.ai
hormel-foods	Hormel Foods
housecall-pro	Housecall Pro
howard-hughes-medical-institute-hhmi	Howard Hughes Medical Institute (HHMI)
howard-university	Howard University
howmet-aerospace	Howmet Aerospace
hp-iq	HP IQ
hpr-hyannis-port-research	HPR (Hyannis Port Research)
hub-international	HUB International
hudl	Hudl
hudson-river-trading	Hudson River Trading
human	HUMAN
humana	Humana
hunt-oil-company	Hunt Oil Company
huntington-bancshares	Huntington Bancshares
huntington-ingalls-industries	Huntington Ingalls Industries
huntsman	Huntsman
huron	Huron
hydac	HYDAC
hydrafacial	Hydrafacial
hyperproof	Hyperproof
hyve-solutions	Hyve Solutions
i3	i3
ibc-bank	IBC Bank
iberdrola-group	Iberdrola Group
ibm	IBM
ibotta	ibotta
icapital-network	iCapital Network
icf	ICF
icf-international	ICF International
icon	ICON
id-me	ID.me
idaho-national-laboratory	Idaho National Laboratory
ideas	IDeaS
idemia	IDEMIA
ideogram	Ideogram
idex	IDEX
idexx	IDEXX
idt-corporation	IDT Corporation
iem	IEM
iex	IEX
iex-group	IEX Group
igs-energy	IGS Energy
iheartmedia	iHeartMedia
iherb	iHerb
ihg	IHG
ijm	IJM
iko	IKO
illumina	Illumina
illumio	Illumio
imagine-pediatrics	Imagine Pediatrics
imc	IMC
imc-trading	IMC Trading
imeg	IMEG
immuta	Immuta
impel	Impel
imprint	Imprint
impulse-space	Impulse Space
incident-io	incident.io
incident-iq	Incident IQ
indevco-north-america	INDEVCO North America
indian-river-state-college	Indian River State College
inductive-automation	Inductive Automation
inflection	Inflection
info-tech-research-group	Info-Tech Research Group
informa-group	Informa Group
infstones	InfStones
ing	ING
ingram-micro	Ingram Micro
ingredion	Ingredion
inmar-intelligence	Inmar Intelligence
inmobi	InMobi
innovacare-health	InnovaCare Health
innovative-defense-technologies	Innovative Defense Technologies
innovative-systems	Innovative Systems
inogen	Inogen
insightsoftware	insightsoftware
insomniac-games	Insomniac Games
insperity	Insperity
inspire	Inspire
inspire-medical-systems	Inspire Medical Systems
instawork	Instawork
institute-of-foundation-models	Institute of Foundation Models
insulet	Insulet
insulet-corporation	Insulet Corporation
intact	Intact
intapp	Intapp
integer-holdings-corporation	Integer Holdings Corporation
integra-fec	Integra FEC
integration-innovation-i3	Integration Innovation (i3)
integris-health	INTEGRIS Health
integrity	Integrity
intel	Intel
intelcom-dragonfly	Intelcom | Dragonfly
intelliguard	Intelliguard
intellistack	Intellistack
interac	Interac
interact-software	Interact Software
interactions	Interactions
interactive-brokers	Interactive Brokers
interco	Interco
intercom	Intercom
intercontinental-exchange	Intercontinental Exchange
interdigital	InterDigital
interface-ai	interface.ai
intermountain-healthcare	Intermountain Healthcare
international-mission-board	International Mission Board
international-monetary-fund	International Monetary Fund
internet-brands	Internet Brands
interpublic-group	Interpublic Group
interstates	Interstates
intersystems	InterSystems
intertek	Intertek
interworks	InterWorks
intrafi	IntraFi
intrinsic	Intrinsic
intuit	Intuit
intuitive-surgical	Intuitive Surgical
invenergy	Invenergy
inventing-for-life	Inventing for Life
invesco	Invesco
investment-management-corporation-of-ontario	Investment Management Corporation of Ontario
invisible-technologies	Invisible Technologies
invoice-cloud	Invoice Cloud
invoicecloud	InvoiceCloud
ion-group	ION Group
iowa-state-university	Iowa State University
ipg-dxtra	IPG DXTRA
iqvia	IQVIA
irhythm-technologies	iRhythm Technologies
iridium-communications	Iridium Communications
iron-mountain	Iron Mountain
isono-health	iSono Health
ispace	ispace
ispot-tv	iSpot.tv
istari-digital	Istari Digital
isys-technologies	ISYS Technologies
ithaka	Ithaka
itradenetwork	iTradeNetwork
ivalua	Ivalua
ivo	Ivo
ivy-tech-community-college	Ivy Tech Community College
ixl-learning	IXL Learning
j-crew	J.Crew
j-d-heiskell-companies	J. D. Heiskell & Companies
j-m-smucker	J.M. Smucker
jabil	Jabil
jack-henry	Jack Henry
jade-global	Jade Global
jahnel-group	Jahnel Group
jamf	Jamf
jane-street	Jane Street
jensen-hughes	Jensen Hughes
jerry	Jerry
jetblue	JetBlue
jimmy-choo	Jimmy Choo
jm-family	JM Family
jma-wireless	JMA Wireless
jmp-statistical-discovery	JMP Statistical Discovery
john-deere	John Deere
johnson-brothers-liquor-company	Johnson Brothers Liquor Company
johnson-controls	Johnson Controls
johnson-johnson	Johnson & Johnson
johnson-law-group	Johnson Law Group
johnson-matthey	Johnson Matthey
jonas	Jonas
jonas-software	Jonas Software
jones-lang-lasalle-jll	Jones Lang LaSalle (JLL)
journal-technologies	Journal Technologies
jp-morgan-chase	JP Morgan Chase
jpi	JPI
jpmorganchase	JPMorganChase
jumio	Jumio
jump-crypto	Jump Crypto
jump-trading	Jump Trading
kabam	Kabam
kairos-power	Kairos Power
kaiser-permanente	Kaiser Permanente
kalepa	Kalepa
kanshe-infotech	Kanshe Infotech
karat	Karat
karsun-solutions	Karsun Solutions
kaseya	Kaseya
kbr	KBR
kcf-technologies	KCF Technologies
kci-technologies	KCI Technologies
kddi	KDDI
kearney-co	Kearney&Co
keen-footwear	KEEN Footwear
kelsey-seybold-clinic	Kelsey-Seybold Clinic
kensho	Kensho
kensington	Kensington
kent	Kent
kenvue	Kenvue
kepler-communications	Kepler Communications
kepler-group	Kepler Group
ketjen	Ketjen
kettering-health	Kettering Health
keybank	KeyBank
keycorp	KeyCorp
keyrock	Keyrock
keysight-technologies	Keysight Technologies
keysight-technologies-inc	Keysight Technologies, Inc.
keystone-cooperative	Keystone Cooperative
keywords-studios	Keywords Studios
khan-academy	Khan Academy
kids-alive	Kids Alive
kikoff-leagues	KIKOFF Leagues
kimley-horn	Kimley-Horn
kinaxis	Kinaxis
kingland	Kingland
kion	KION
kion-group	KION Group
kioxia	Kioxia
kitware	Kitware
kiva	Kiva
kl-discovery	KL Discovery
kla	KLA
kla-corporation	KLA Corporation
klaviyo	Klaviyo
knexus-ai	Knexus AI
knowbe4	KnowBe4
knowles-corporation	Knowles Corporation
kodak	Kodak
koddi	Koddi
kodiak-robotics	Kodiak Robotics
koho	KOHO
komatsu	Komatsu
konrad-group	Konrad Group
kontoor-brands	Kontoor Brands
koppers	Koppers
kouper-health	Kouper Health
kph-healthcare-services	KPH Healthcare Services
kpmg	KPMG
krafton	KRAFTON
kroll	Kroll
ksm	KSM
kyndryl-holdings	Kyndryl Holdings
kyowa-kirin	Kyowa Kirin 
kyowa-kirin-north-america	Kyowa Kirin North America
l-l-bean	L.L.Bean
l-or-al	L'Oréal
l2tmedia	L2TMedia
l3harris-technologies	L3Harris Technologies
la-caisse	La Caisse
la-z-boy	La-Z-Boy
labcorp	LabCorp
labelbox	Labelbox
lactalis	Lactalis
laika-studios	LAIKA Studios
lake-michigan-credit-union	Lake Michigan Credit Union
lamb-weston	Lamb Weston
lambda	Lambda
land-o-lakes	Land O'Lakes
landscape-forms	Landscape Forms
later	Later
latitude	Latitude
lawrence-berkeley-national-laboratory	Lawrence Berkeley National Laboratory
layup-parts	Layup Parts
lazard	Lazard
league	League
leantaas	LeanTaaS
learfield-amplify	Learfield Amplify
ledcor	Ledcor
leggett-platt	Leggett & Platt
legis1	Legis1
legrand	Legrand
legrand-na	Legrand NA
leidos	Leidos
lendable	Lendable
lendbuzz	Lendbuzz
lennar-corporation	Lennar Corporation
lennox-international	Lennox International
lenovo	Lenovo
leolabs	LeoLabs
leonardo-drs	Leonardo DRS
letsgetchecked	LetsGetChecked
lever	Lever
levi-strauss-co	Levi Strauss & Co.
lewis-brisbois	Lewis Brisbois
lexisnexis	LexisNexis
lexisnexis-risk-solutions	LexisNexis Risk Solutions
lg-electronics	LG Electronics
liberis	Liberis
liberty-mutual	Liberty Mutual
liberty-university	Liberty University
life-church	Life.Church
lifepoint-health	Lifepoint Health
lifeway	Lifeway
light-wonder	Light & Wonder
lightcast	Lightcast
lightedge-solutions	LightEdge Solutions
lightfield	Lightfield
lightmatter	Lightmatter
lightspark	Lightspark
lightspeed-systems	Lightspeed Systems
lila-sciences	Lila Sciences
lilt	Lilt
linamar	Linamar
lineage-logistics	Lineage Logistics
lingatech	LingaTech
link	Link
link-logistics	Link Logistics
link-solutions	Link Solutions
linkedin	LinkedIn
liquid-ai	Liquid AI
lithia-motors	Lithia Motors
litify	Litify
little-caesars-enterprises	Little Caesars Enterprises
live-nation-entertainment	Live Nation Entertainment
live-oak-bank	Live Oak Bank
liveramp	LiveRamp
lkq	LKQ
lloyds-bank	Lloyds Bank
lmi	LMI 
lockheed-martin	Lockheed Martin
locus-robotics	Locus Robotics
logitech	Logitech
loop	Loop
los-angeles-clippers	Los Angeles Clippers
lotte-biologics	LOTTE BIOLOGICS
louisiana-state-university-lsu	Louisiana State University (LSU)
lowe-s	Lowe's 
loyola-marymount-university	Loyola Marymount University
lpl-financial-holdings	LPL Financial Holdings
lseg	LSEG
lucid	Lucid
lucid-motors	Lucid Motors
lucid-software	Lucid Software
lumafield	Lumafield
lumen-technologies	Lumen Technologies
lumentum	Lumentum
lumin-digital	Lumin Digital
lumos	Lumos
lunar-energy	Lunar Energy
lyft	Lyft
lynk	Lynk
lynker	Lynker
m-t-bank	M&T Bank
mach-industries	Mach Industries
mach9	Mach9
machina-labs	Machina Labs
machinify	Machinify
mackenzie-investments	Mackenzie Investments
macy-s	Macy's
madhive	Madhive
magical	Magical
magna	Magna
magnet-forensics	Magnet Forensics
magnite	Magnite
mainegeneral-health	MaineGeneral Health
maintainx	MaintainX
major-league-baseball	Major League Baseball
makpar	Makpar
malvern-panalytical	Malvern Panalytical
man-group	Man Group
mandolin	Mandolin
manhattan-associates	Manhattan Associates
manifold-ai	Manifold AI
manulife	Manulife
manulife-financial	Manulife Financial
marathon-petroleum	Marathon Petroleum
mark43	Mark43
markel-group-inc	Markel Group, Inc.
marketaxess	MarketAxess
markon	Markon
marmon-holdings	Marmon Holdings
marqeta	Marqeta
marquee-insurance-group	Marquee Insurance Group
marriott-international	Marriott International
marriott-vacations-worldwide	Marriott Vacations Worldwide
mars	Mars
marsh	Marsh
marsh-mclennan	Marsh & McLennan
marshall-wace	Marshall Wace
marshfield-clinic-health-system	Marshfield Clinic Health System
marvell	Marvell
maryland-institute-college-of-art	Maryland Institute College of Art
masimo	Masimo
mass-general-brigham	Mass General Brigham
massachusetts-school-building-authority	Massachusetts School Building Authority
master-halco	Master Halco
mastercard	Mastercard
mastercontrol	MasterControl
match-group	Match Group
matic	Matic
matx	MatX
maven-securities	Maven Securities
maxar	Maxar
maxar-technologies	Maxar Technologies
maxisiq	MAXISIQ
maybern	Maybern
mcadams	McAdams
mcafee	McAfee
mcdonald-s	McDonald's
mcg-health	MCG Health
mcgill-university	McGill University
mckesson	McKesson
mckinney	McKinney
mechanical-orchard	Mechanical Orchard
mechanics-bank	Mechanics Bank
mechanize	Mechanize
medical-university-of-south-carolina	Medical University of South Carolina
medicom	Medicom
medimpact	MedImpact
medline	Medline
medpace-inc	Medpace, Inc.
medtronic	Medtronic
meijer	Meijer
memphis-meats	Memphis Meats
memryx	MemryX
memx	MEMX
menasha-corporation	Menasha Corporation
menlo-security	Menlo Security
merative	Merative
mercedes-benz	Mercedes-Benz
mercer-advisors	Mercer Advisors
mercer-university	Mercer University
merchants-bank-of-indiana	Merchants Bank of Indiana
merck	Merck
merck-co	Merck & Co.
mercor	Mercor
mercury	Mercury
mercury-insurance	Mercury Insurance
merge	Merge
meridian-partners	Meridian Partners
mesa-solutions	Mesa Solutions
meshy	Meshy
meta	Meta
metalenz	Metalenz
metecs	METECS
metergy-solutions	Metergy Solutions
method	Method
methodist-le-bonheur	Methodist Le Bonheur 
metron	Metron
metronome	Metronome
metropolitan-state-university-of-denver	Metropolitan State University of Denver
metropolitan-transportation-authority	Metropolitan Transportation Authority
metrostar	MetroStar
mfs	MFS
mgm-resorts-international	MGM Resorts International
michael-baker-international	Michael Baker International
michael-kors	Michael Kors
michaels-stores	Michaels Stores
michelin	Michelin
microchip-technology	Microchip Technology
micron-technology	Micron Technology
microsoft	Microsoft
midmark	Midmark 
midpoint-markets	Midpoint Markets
mill	Mill
millennium-space-systems	Millennium Space Systems
millerknoll	MillerKnoll
milwaukee-tool	Milwaukee Tool
mimecast	Mimecast
mintlify	Mintlify
miro	Miro
mistral-ai	Mistral AI
mitsubishi-ufg	Mitsubishi UFG
mitsubishi-ufj-financial-group	Mitsubishi UFJ Financial Group
mks-instruments	MKS Instruments
mlabs	MLabs
mobius-consulting	Mobius Consulting
model-n	Model N
moderna	Moderna
modernizing-medicine	Modernizing Medicine
modivcare	ModivCare
mohawk	Mohawk
molina-healthcare	Molina Healthcare
moloco	Moloco
mom-s-meals	Mom's Meals
momentive	Momentive
momentum-engineering	Momentum Engineering
mondelez-international	Mondelez International
mongodb	MongoDB
montenson	Montenson
monterey-technologies	Monterey Technologies
montrose-environmental-group	Montrose Environmental Group
monzo	Monzo
moog	Moog 
moog-inc	Moog Inc
morgan-stanley	Morgan Stanley
morningstar	Morningstar
morse-micro	Morse Micro
mosaic	Mosaic
motional	Motional
motional-ad	Motional AD
motive	Motive
motorola	Motorola
motorola-solutions	Motorola Solutions
mpowerhealth	MPOWERHealth
mr-cooper	Mr. Cooper
mrc-global	MRC Global
mri-software	MRI Software
msd	MSD
mthree	mthree
mueller-water-products	Mueller Water Products
mufg	MUFG
multicare-health-system	MultiCare Health System
munich-re	Munich RE
muon	Muon
muon-space	Muon Space
n1	N1
nakisa	Nakisa
nasdaq	Nasdaq
national-basketball-association	National Basketball Association
national-indemnity-company	National Indemnity Company
national-information-solutions-cooperative	National Information Solutions Cooperative
national-information-solutions-cooperative-nisc	National Information Solutions Cooperative (NISC)
national-renewable-energy-laboratory	National Renewable Energy Laboratory
nationwide	Nationwide
nationwide-children-s-hospital	Nationwide Children's Hospital
natwest-group	NatWest Group
navex	NAVEX
navy-federal	Navy Federal
nbcuniversal	NBCUniversal
ncino	nCino
ncr	NCR
ncr-voyix	NCR Voyix
nebraska-medicine	Nebraska Medicine
neighbor	Neighbor
neighborly	Neighborly
nelnet	Nelnet
neo-financial	Neo Financial
neptune-medical	Neptune Medical
neros-technologies	Neros Technologies
nestle	Nestle
netflix	Netflix
netic	Netic
netimpact-strategies	NetImpact Strategies
netradyne	NetraDyne
netsmart	Netsmart
networking-for-future-nff	Networking For Future (NFF)
neuberger-berman	Neuberger Berman
neuralink	Neuralink
neurocrine-biosciences	Neurocrine Biosciences
nevada-national-security	Nevada National Security 
new-balance	New Balance
new-era-technology	New Era Technology
new-york-life	New York Life
newell-brands	Newell Brands
newfront-insurance	Newfront Insurance
newham	Newham
newmark-group	Newmark Group
newrez	Newrez
newsbreak	NewsBreak
newsela	Newsela
nexstar	Nexstar
nextdoor	Nextdoor
nextera-energy	NextEra Energy
nextgen-federal-systems	NextGen Federal Systems
nexthop-ai	Nexthop.ai
nexthreat	NexThreat
nextiva	Nextiva
nextracker	Nextracker
niagara-bottling	Niagara Bottling
nice	NICE 
nicolet-national-bank	Nicolet National Bank
nidec	Nidec
nielsen	Nielsen
nike	Nike
nikkiso	Nikkiso
nimble-robotics	Nimble Robotics
nimblerx	NimbleRx
ninjatrader	NinjaTrader
nintendo	Nintendo
nio	Nio
nisource	NiSource
nissan	Nissan
nissan-global	Nissan Global
nitra	Nitra
nodal	Nodal
nokia	Nokia
nominal	Nominal
noom	Noom
nordic	Nordic
nordson	Nordson
nordstrom	Nordstrom
norfolk-southern	Norfolk Southern
nortek	Nortek
north-atlantic-industries	North Atlantic Industries
northab	NorthAB
northab-llc	NorthAB, LLC
northeast-georgia-health-system	Northeast Georgia Health System
northeastern	Northeastern
northeastern-university	Northeastern University
northern-trust	Northern Trust
northmark-strategies	NorthMark Strategies
northmarq	Northmarq
northrop-grumman	Northrop Grumman
northslope-technologies	Northslope Technologies
northumbria-university	Northumbria University
northwell-health	Northwell Health
northwestern-mutual	Northwestern Mutual
northwood-space	Northwood Space
notion	Notion
nov	NOV
nova-tech	Nova-Tech
novanta	Novanta
nrg-energy	NRG Energy
nt-concepts	NT Concepts
ntrepid-corporation	Ntrepid Corporation
ntt-data	NTT Data
nuharbor-security	NuHarbor Security
numeric	Numeric
numerix	Numerix
nuro	Nuro
nutanix	Nutanix
nv5-global	NV5 Global
nvent	nVent
nvidia	NVIDIA
nxp-semiconductors	NXP Semiconductors
o-reilly-auto-parts	O'Reilly Auto Parts
oaknorth-bank	OakNorth Bank
oaktree-capital-management	Oaktree Capital Management
oatey	OATEY
observe	Observe
obsidian-entertainment	Obsidian Entertainment
obsidian-security	Obsidian Security
occ	OCC
occidental-petroleum	Occidental Petroleum
ocean-optics	Ocean Optics
ochsner-health-system	Ochsner Health System
octaura	Octaura
offdeal	OffDeal
ohio-state-university	Ohio State University
ohio-state-university-physicians	Ohio State University Physicians
oklahoma-city-thunder	Oklahoma City Thunder
oklahoma-state-government	Oklahoma State Government
oklo	Oklo
okta	Okta
okx	OKX 
old-mission	Old Mission
olg	OLG
olive	Olive
olsson	Olsson
omnicell	Omnicell
omnicom-health	Omnicom Health
omnion-power	OmniOn Power
omnisource	OmniSource
omnitech	Omnitech
one-finance	ONE Finance
oneblood	OneBlood
onedigital	OneDigital
onemain-financial	OneMain Financial
onerail	OneRail
onsemi	onsemi
ontario-teachers-pension-plan	Ontario Teachers' Pension Plan
onto-innovation	Onto Innovation
onyx-insight	ONYX Insight
open-asset	Open Asset
openai	OpenAI
openeye	OpenEye
openlane	OPENLANE
opensesame	OpenSesame
opentable	OpenTable
optimove	Optimove
optimum	Optimum
option-care-health	Option Care Health
optiv	Optiv
optiver	Optiver
oracle	Oracle
oregon-state-government	Oregon State Government
origami-risk	Origami Risk
orion-systems-integrators	Orion Systems Integrators
orthofix	Orthofix
osaic	Osaic
osco	OSCO
oshkosh	Oshkosh
oti-lumionics	OTI Lumionics
otis	Otis
otis-worldwide	Otis Worldwide
otto	OTTO
otto-aviation	Otto Aviation
ou-health	OU Health
ovative-group	Ovative Group
overlake-hospital-medical-center	Overlake Hospital Medical Center
overland-ai	Overland AI
ovintiv	Ovintiv
owens-corning	Owens Corning
owens-minor	Owens & Minor
p-g	P&G
p-g-careers	P&G Careers
pa-consulting	PA Consulting
paccar	Paccar
pace-industries	Pace Industries
pacific-life	Pacific Life
pagerduty	PagerDuty
palantir	Palantir
palo-alto-networks	Palo Alto Networks
panasonic-avionics	Panasonic Avionics
panasonic-holdings	Panasonic Holdings
pangaea	Pangaea
pansophic-learning	Pansophic Learning
panthalassa	Panthalassa
papa-john-s	Papa John's
parafin	Parafin
parallel-wireless	Parallel Wireless
paramount-global	Paramount Global
paretohealth	ParetoHealth
pariveda-solutions	Pariveda Solutions
park-dental	Park Dental
parkhill	Parkhill
parsons	Parsons
path-robotics	Path Robotics
pathai	PathAI
pathward	Pathward
patreon	Patreon
patronus-ai	Patronus AI
paypal	PayPal
paystand	Paystand
pdf-solutions	PDF Solutions
pdi-technologies	PDI Technologies
pdt-partners	PDT Partners
peak-nano	Peak Nano
pega	Pega
pella-corporation	Pella Corporation
pendar-technologies	Pendar Technologies
pendo	Pendo
pennstate-university	PennState University
penta-group	Penta Group
pentair	Pentair
penumbra-inc	Penumbra Inc
pepsico	PepsiCo
per-scholas	Per Scholas
peraton	Peraton
perficient	Perficient
perforce	Perforce
perle	Perle
permitflow	PermitFlow
perpay	Perpay
perplexity-ai	Perplexity AI
perr-knight	Perr & Knight
perseus-group	Perseus Group
persistent-systems	Persistent Systems
persona	Persona
persona-ai	Persona AI
peter-millar	Peter Millar
pg-e	PG&E
phamily	Phamily
philadelphia-gas-works	Philadelphia Gas Works
philips	Philips
phillips-66	Phillips 66
phoenix-group	Phoenix Group
photon	Photon
picarro	Picarro
pimco	PIMCO
pine-rest	Pine Rest
ping-identity	Ping Identity
pingwind	PingWind
pinterest	Pinterest
pioneering-evolution	Pioneering Evolution
pip-labs	PIP Labs
pison	Pison
pitchbook	PitchBook
pitt-ohio	Pitt Ohio
pivotal-software	Pivotal Software
pjm	PJM
plante-moran	Plante Moran
playfly-sports	Playfly Sports
plexus	Plexus
plug-power	Plug Power
plume	Plume
plusgrade	Plusgrade
pmg	PMG
pnc-bank	PNC Bank
pnc-financial-services	PNC Financial Services
point72	Point72
polaris	Polaris
polyai	PolyAI
pony-ai	pony.ai
port-authority-ny-nj	Port Authority NY NJ
portwest	Portwest
postman	Postman
powell	Powell
ppg-industries	PPG Industries
prairie-view-a-m-university	Prairie View A&M University
precisely	Precisely
predictx	PredictX
premera-blue-cross	Premera Blue Cross
premier	Premier
premier-health	Premier Health
pricewaterhousecoopers-pwc	PricewaterhouseCoopers (PwC)
primerica	Primerica
primerx	PrimeRx
primetals-technologies	Primetals Technologies
princeton-university	Princeton University
prizepicks	 PrizePicks
procept-biorobotics	PROCEPT BioRobotics
procter-gamble-p-g	Procter & Gamble (P&G)
profluent	Profluent
prologis	Prologis
prominent-edge	Prominent Edge
promise	Promise
proofpoint	Proofpoint
prosidian-consulting	Prosidian Consulting
protech-automotive-solutions	Protech Automotive Solutions
protegrity	Protegrity
protiviti	Protiviti
providence	Providence
prudential-financial	Prudential Financial
ptc	PTC
public-consulting-group	Public Consulting Group
public-service-enterprise-group	Public Service Enterprise Group
public-storage	Public Storage
pulley	Pulley
pulse	Pulse
pultegroup	PulteGroup
puma	Puma
pure-insurance	PURE Insurance
pure-storage	Pure Storage
purplebox	PurpleBox
pvm	PVM
pwc	PwC
pylon	Pylon
q2	Q2
qbe-insurance	QBE Insurance
qinetiq	QinetiQ
qode-world	qode.world
qorvo	Qorvo
qrypt	Qrypt
qts	QTS
quadrature-capital	Quadrature Capital
quadreal	QuadReal
qualcomm	Qualcomm
quality-technology-services	Quality Technology Services
qualtrics	Qualtrics
quanta-services	Quanta Services
quantbot-technologies	Quantbot Technologies
quantcast	Quantcast
quantco	QuantCo
quantexa	Quantexa
quantinuum	Quantinuum
quantum-signal-ai	Quantum Signal AI 
quera-computing	QuEra Computing
quest-analytics	Quest Analytics
quest-global	Quest Global
quinstreet	QuinStreet
quiq	Quiq
quora	Quora
qvc	QVC
r-d-computer-science-data-science-intern	R&D Computer Science/Data Science Intern
r-l-global-logistics	R+L Global Logistics
ra-capital-management	RA Capital Management
racetrac	RaceTrac
radian	Radian
radiance-technologies	Radiance Technologies
radiant	Radiant
radiantsecurity	RadiantSecurity
radical-ai	Radical AI
radix-trading	Radix Trading
rakuten-international	Rakuten International
ramboll	Ramboll
rambus	Rambus
ramp	Ramp
ranger	Ranger
rapid7	Rapid7
rapp	RAPP
raymond-james-financial	Raymond James Financial
rbi	RBI
reach-financial	Reach Financial
reacher	Reacher
reality-defender	Reality Defender
realtor-com	Realtor.com
recursion-pharmaceuticals	Recursion Pharmaceuticals
red-bull	Red Bull
red-hat	Red Hat
red-river	Red River
red-ventures	Red Ventures
reddit	Reddit
redhelm	RedHelm
redis	Redis
redstone-federal-credit-union	Redstone Federal Credit Union
reevo	Reevo
reflect-orbital	Reflect Orbital
reframe-systems	Reframe Systems
regal	Regal
regal-rexnord	Regal Rexnord
regeneron-pharmaceuticals	Regeneron Pharmaceuticals
regent	REGENT
rehiko	Rehiko
reingold	Reingold
relativity-space	Relativity Space
relay	Relay
relex-solutions	RELEX Solutions
reliable-robotics	Reliable Robotics
relx	RELX
remi	Remi
remitly	Remitly
remodel-health	Remodel Health
renaissance	Renaissance
renault-group	Renault Group
replit	Replit
research-innovations	Research Innovations
resmed	Resmed
respec	RESPEC
revionics	Revionics
reworld	Reworld
rf-smart	RF-SMART
rga-reinsurance-company	 RGA Reinsurance Company
rheem	Rheem
rhombus	Rhombus
rhombus-power	Rhombus Power
ribbon	Ribbon
richardson	Richardson
richmond-university-medical-center	Richmond University Medical Center
rilla	Rilla
ring-power	Ring Power
riot-games	Riot Games
ripple	Ripple
rippling	Rippling
rivian	Rivian
rivian-and-volkswagen-group-technologies	Rivian and Volkswagen Group Technologies
rivos	Rivos
roadrunner-recycling	RoadRunner Recycling
robert-bosch-venture-capital	Robert Bosch Venture Capital
robert-half	Robert Half
robin	Robin
robinhood	Robinhood
roblox	Roblox
roboforce	RoboForce
roc-nation	Roc Nation
roche	Roche
rochester-regional-health	Rochester Regional Health
rocket-companies	Rocket Companies
rocket-lab	Rocket Lab
rocket-lab-usa	Rocket Lab USA
rocket-lawyer	Rocket Lawyer
rocket-mortgage	Rocket Mortgage
rocket-science-group	Rocket Science Group
rockstar-games	Rockstar Games
rockwell-automation	Rockwell Automation
rogers-behavioral-health	Rogers Behavioral Health
rogo	Rogo
roku	Roku
rolls-royce	Rolls Royce
root	Root
root-access	Root Access
root-insurance	Root Insurance
rootly	Rootly
rose-rocket	Rose Rocket
roserocket	Roserocket
rothschild-co	Rothschild & Co
rover	Rover
rovisys	RoviSys
royal-bank-of-canada	Royal Bank of Canada
royal-caribbean-group	Royal Caribbean Group
royal-carribean-group	Royal Carribean Group
rpa	RPA
rr-donnelley	RR Donnelley
rsm	RSM
rtx	RTX
rubrik	Rubrik
runpod	Runpod
runwise	Runwise
rural-king	Rural King
rws	RWS
rxsense	RxSense
ryan	Ryan
ryan-specialty	Ryan Specialty
ryder-system	Ryder System
s-c-electric-company	S&C Electric Company
s-p-global	S&P Global 
s-us	S:US
saab	Saab
safari-ai	Safari AI
safelite	Safelite
safran	Safran
sagard	Sagard
sagesure	SageSure
sailpoint	SailPoint
sainsbury-s	Sainsbury's
saint-mary-s-college	Saint Mary's College
salesforce	Salesforce
salesloft	Salesloft
samba-tv	Samba TV
samsara	Samsara
samsung	Samsung
samsung-research-america	Samsung Research America
sanctuary-ai	Sanctuary AI
sandboxaq	SandboxAQ
sandisk	Sandisk
sands-capital	Sands Capital 
sanford-health	Sanford Health
sanofi	Sanofi
santa-fe-college	Santa Fe College
santander	Santander
santander-global-facilities-sgf-us-santander-group	Santander Global Facilities (SGF) US - Santander Group
santander-holdings-usa	Santander Holdings USA
sap	SAP
saputo	Saputo
sarasota-county	Sarasota County
saronic	Saronic
sartorius	Sartorius
sas	SAS
savannah-river-national-laboratory	Savannah River National Laboratory
saviynt	Saviynt
sayari	Sayari
sc-johnson	SC Johnson
scale-ai	Scale AI
scanline-vfx	Scanline VFX
schonfeld	Schonfeld
schreiber-foods	Schreiber Foods
schroders	Schroders
schweitzer-engineering-laboratories	Schweitzer Engineering Laboratories
scientech-research	Scientech Research
scientific-games	Scientific Games
scientific-research-corporation	Scientific Research Corporation
sciplay	SciPlay
scitec	SciTec
scor	SCOR
scout-ai	Scout AI
scout-space	Scout Space
scs-engineers	SCS Engineers
sdsu-research-foundation	SDSU Research Foundation
seagate	Seagate
seagate-technology	Seagate Technology 
seaspan	Seaspan
seatgeek	SeatGeek
seattle-sounders-fc	Seattle Sounders FC
second-dinner	Second Dinner
secretariat	Secretariat
securian-financial-group	Securian Financial Group
sedgwick-claims-management-services	Sedgwick Claims Management Services
seer-interactive	Seer Interactive
sei-labs	Sei Labs
seismic	Seismic
sel	SEL
select-milk-producers	Select Milk Producers 
semgrep	Semgrep
seminole-hard-rock	Seminole Hard Rock
semtech	Semtech
sensata	Sensata
sensor-tower	Sensor Tower
sentinel-technologies	Sentinel Technologies
sentinelone	SentinelOne
sentra	Sentra
sentry	Sentry
sentry-insurance	Sentry Insurance
seo-sponsors-for-educational-opportunity	SEO (Sponsors for Educational Opportunity)
sep	SEP
sephora	Sephora
serco-north-america	Serco North America
seres	SERES
service-corporation-international	Service Corporation International
servicenow	ServiceNow
sev1tech	Sev1Tech
seven-research	Seven Research
sezzle	Sezzle
sf-giants	SF Giants
sharkninja	SharkNinja
sharp-electronics	Sharp Electronics
shawmut-design-and-construction	Shawmut Design and Construction
shein	SHEIN
sherwin-williams	Sherwin-Williams
shi-international	SHI International 
shield-ai	Shield AI
shields-health-solutions	Shields Health Solutions
shift	Shift
shipbob	ShipBob
shipmonk	ShipMonk
shipt	Shipt
shopify	Shopify
shure	Shure
shyftlabs	ShyftLabs
siemens	Siemens
sierra	Sierra
sierra-nevada-coporation	Sierra Nevada Coporation
sierra-nevada-corporation	Sierra Nevada Corporation
sierra-space	Sierra Space
sift	SIFT
sigma-computing	Sigma Computing
signify	Signify
signifyd	Signifyd
sika	Sika
sikich	Sikich
silgan	Silgan
silicon-laboratories	Silicon Laboratories
silna-health	Silna Health
silvus-technologies	Silvus Technologies
simis	SimIS
simon	Simon
simons-foundation	Simons Foundation
simular	Simular
sinclair	Sinclair
singlestore	SingleStore
sixfold	Sixfold
sixth-street	Sixth Street
sk-hynix	SK hynix
skild-ai	Skild AI
skillstorm	SkillStorm
skillz	skillz
skydio	Skydio
skyryse	Skyryse
skyworks	Skyworks
slack	Slack
slc	SLC
slice-slicelife-com	Slice (slicelife.com)
smith-nephew	Smith+Nephew
smx	SMX
snackpass	Snackpass
snap	Snap
snap-on	Snap-on
snc-lavalin	SNC-Lavalin
snowflake	Snowflake
snyk	Snyk
soci	SOCi
sofi	SoFi
solace-health	Solace Health
solar-turbines	Solar Turbines
solarwinds	SolarWinds
solid-power	Solid Power
solidigm	Solidigm
solidroad	Solidroad
solopulse	SoloPulse
solventum	Solventum
sonatus	Sonatus
sonepar	Sonepar
sonic-healthcare-usa	Sonic Healthcare USA
sono-tek-corporation	Sono-Tek Corporation
sonoco	Sonoco
sonos	Sonos
sony	Sony
sony-interactive-entertainment	Sony Interactive Entertainment
sony-pictures-entertainment	Sony Pictures Entertainment
sony-pictures-imageworks	Sony Pictures Imageworks
sophos	Sophos
sorare	Sorare
soundcloud	SoundCloud
south-west-water	South West Water
southern-company	Southern Company
southwest-airlines	Southwest Airlines
space-dynamics-laboratory	Space Dynamics Laboratory
space-kinetic	Space Kinetic
spacex	SpaceX
spark-climate-solutions	Spark Climate Solutions
sparksoft	Sparksoft
spectrum	Spectrum
speechmatics	Speechmatics
splunk	Splunk
sportradar	Sportradar
spot-freight	Spot Freight
spot-tango	Spot & Tango
spotify	Spotify
spoton	SpotOn
sprintray	SprintRay
sps-commerce	SPS Commerce
squarepoint	Squarepoint
squarepoint-capital	Squarepoint Capital
sri	SRI
sri-international	SRI International
ss-c	SS&C
st-johns-riverside-hospital	St. Johns Riverside Hospital
st-jude-children-s-research-hospital	St. Jude Children's Research Hospital
stackadapt	StackAdapt
stackav	StackAV
stackline	Stackline
stand-together	Stand Together
standard-aero	Standard Aero
standard-bots	Standard Bots
stanley-black-decker	Stanley Black & Decker
stantec	Stantec
staples	Staples
starpath-robotics	Starpath Robotics
state-farm	State Farm
state-of-wisconsin-investment-board	State of Wisconsin Investment Board
state-street	State Street
stax	Stax
steampunk	Steampunk
steel-dynamics	Steel Dynamics
steel-point-solutions	Steel Point Solutions
stellant-systems	Stellant Systems
stepstone-group	StepStone Group
stevens-capital-management	Stevens Capital Management
stevens-capital-management-lp	Stevens Capital Management LP
stifel	Stifel
stoke-space	Stoke Space
stoneridge	Stoneridge
stonex-group	StoneX Group
stonhard	Stonhard
stony-brook-university	Stony Brook University
str	STR
strada-education-foundation	Strada Education Foundation
strand-therapeutics	Strand Therapeutics
strata-decision-technology	Strata Decision Technology
stratolaunch	Stratolaunch
striim	Striim
stripe	Stripe
strive-health	Strive Health
strongpoint-partners	Strongpoint Partners
stryker	Stryker
stubhub	StubHub
subaru	Subaru
sublime-systems	Sublime Systems
suffolk-county	Suffolk County
sumitomo-mitsui-banking-corporation	Sumitomo Mitsui Banking Corporation
summittx	SummitTX
sumup	SumUp
sun-life	Sun Life
sunco-lighting	Sunco Lighting
sundt	Sundt
suno	Suno
sunsource	SunSource
sunwater-capital	Sunwater Capital
super	Super
super-com	Super.com
super-micro-computer	Super Micro Computer
supernova-technology	Supernova Technology
supplyhouse-com	SupplyHouse.com
surefire-cyber	Surefire Cyber
susquehanna	Susquehanna
susquehanna-international-group-sig	Susquehanna International Group (SIG)
sustainable-talent	Sustainable Talent
sutter-health	Sutter Health
swbc	SWBC
sylvera	Sylvera
symbotic	Symbotic
symmetry-systems	Symmetry Systems
symphony	Symphony
synchrony	Synchrony
synchrony-financial	Synchrony Financial
synlab	Synlab
syntax	Syntax
synthomer	Synthomer
sysco	Sysco
sysdig	Sysdig
syska-hennessy-group	Syska Hennessy Group
sysmex	Sysmex
t-d-williamson	T.D. Williamson
t-mobile	T-Mobile
t-rex-solutions	T-Rex Solutions
t-rowe-price	T. Rowe Price
tabapay	TabaPay
taco-bell	Taco Bell
tailorcare	TailorCare
take-two	Take Two
takeda	Takeda
talan	Talan
talentwerx	TalentWerx
talos	Talos
talos-trading	Talos Trading
talroo	Talroo
tamr	Tamr
tandem-pv	Tandem PV
tanium	Tanium
target	Target
tastylive	Tastylive
tax-relief-advocates	Tax Relief Advocates
tc-energy	TC Energy
td	TD
td-bank	TD Bank
td-securities	TD Securities
td-synnex	TD Synnex
tds	TDS
teamworks	Teamworks
tegna	TEGNA 
tekion	Tekion
teksynap	TekSynap
tel	TEL
teledyne	Teledyne
telesat	Telesat
teletracking	TeleTracking
telix-pharmaceuticals	Telix Pharmaceuticals
tellius	Tellius
tempus	Tempus
tencent	Tencent
tenex-ai	TENEX.AI
tenstorrent	Tenstorrent
terex	Terex
tesla	Tesla
tessera-labs	Tessera Labs
tetramem	TetraMem
texas-a-m-international-university	Texas A&M International University
texas-a-m-university-corpus-christi	Texas A&M University - Corpus Christi
texas-instruments	Texas Instruments
textron	Textron
thales	Thales
the-aerospace-corporation	The Aerospace Corporation
the-allen-institute-for-ai	The Allen Institute for AI
the-andersons	The Andersons
the-athletic-media-company	The Athletic Media Company
the-atlantic	The Atlantic
the-bank-of-new-york-mellon	The Bank of New York Mellon
the-boeing-company	The Boeing Company
the-brattle-group	The Brattle Group
the-campbell-s-company	The Campbell's Company
the-children-s-mercy-hospital	The Children's Mercy Hospital
the-cigna-group	The Cigna Group
the-exploration-company	The Exploration Company
the-federal-reserve-system	The Federal Reserve System
the-hanover	The Hanover
the-hartford	The Hartford 
the-home-depot	The Home Depot
the-j-paul-getty-trust	The J. Paul Getty Trust
the-joint-commission	The Joint Commission
the-league	The League
the-mj-companies	The MJ Companies
the-museum-of-science	The Museum of Science
the-national-football-league	The National Football League
the-new-school	The New School
the-new-york-times	The New York Times
the-pharmacy-hub	The Pharmacy Hub
the-pok-mon-company	The Pokémon Company
the-salvation-army	The Salvation Army
the-scion-group	The Scion Group
the-standard	The Standard
the-swift-group	The Swift Group
the-toro-company	The Toro Company
the-trade-desk	The Trade Desk
the-travelers-companies	The Travelers Companies
the-tudor-group	The Tudor Group
the-university-of-chicago-medicine	The University of Chicago Medicine
the-university-of-edinburgh	The University of Edinburgh
the-university-of-kansas-health-system	The University of Kansas Health System
the-university-of-kansas-hospital	The University of Kansas Hospital
the-university-of-texas-at-austin	The University of Texas at Austin
the-voleon-group	The Voleon Group
the-walt-disney-company	The Walt Disney Company
the-washington-post	The Washington Post
the-weir-group	The Weir Group
the-wharton-school	The Wharton School
theguarantors	TheGuarantors
themis-insight	Themis Insight
thermo-fisher-scientific	Thermo Fisher Scientific
thermoanalytics	ThermoAnalytics
thescore	theScore
thomson-reuters	Thomson Reuters
thorlabs	Thorlabs
thoughtworks	Thoughtworks
threatlocker	Threatlocker
thrive-global	Thrive Global
thrivent	Thrivent
thyssenkrupp	thyssenkrupp
tiaa	TIAA
tiber-technologies	Tiber Technologies
ticketmaster	Ticketmaster
tidal-financial-group	Tidal Financial Group
tiffany-co	Tiffany & Co.
tiktok	TikTok
timmons-group	Timmons Group
tinder	Tinder
tive	Tive
tjx	TJX
tmhcc	TMHCC
toast	Toast
together-ai	Together AI
togetherwork	Togetherwork
tokai-rika-group	Tokai Rika Group
tokamak-energy	Tokamak Energy
token-metrics	Token Metrics
tokyo-electron	Tokyo Electron
toll-brothers	Toll Brothers
torc-robotics	Torc Robotics
toshiba-global-commerce-solutions	Toshiba Global Commerce Solutions
tower-research-capital	Tower Research Capital
townsquare-ignite	Townsquare Ignite
toyota-connected	Toyota Connected
toyota-research-institute	Toyota Research Institute
tp-icap	TP-ICAP
tpi-composites	TPI Composites 
trace3	Trace3
tradeweb	Tradeweb
tradeweb-markets	Tradeweb Markets
trafigura	Trafigura
trane-technologies	Trane Technologies
transamerica	Transamerica
transcard-payments	Transcard Payments
transcarent	Transcarent
transcend	Transcend
transmarket-group	TransMarket Group
transperfect	TransPerfect
transunion	TransUnion
tranzact	Tranzact
travel-edge-network	Travel Edge Network
traversal	Traversal
trek	TREK
trellix	Trellix
trend-health-partners	Trend Health Partners
trend-micro	Trend Micro
trexquant	Trexquant
tria-federal	Tria Federal
tric-robotics	TRIC Robotics
tricon-residential	Tricon Residential
trillium	Trillium
trimble	Trimble
tripadvisor	TripAdvisor
triple	Triple
triplering	TripleRing
trm-labs	TRM Labs
true-anomaly	True Anomaly
truebuilt	TrueBuilt
truist	Truist
truist-bank	Truist Bank
trustage	TruStage
truveta	Truveta
tsc	TSC
tsmc	TSMC
tsys	TSYS
tucows	Tucows
tucows-domains	Tucows Domains
tulip-interfaces	Tulip Interfaces
turner-townsend	Turner & Townsend
turntide	Turntide
tutor-perini-corporation	Tutor Perini Corporation
twg-global	TWG Global
twilio	Twilio
twitch	Twitch
two-sigma	Two Sigma
two-six-technologies	Two Six Technologies
typeface	Typeface
tyson-foods	Tyson Foods
u-s-bancorp	U.S. Bancorp
u-s-bank	U.S. Bank
u-s-venture	U.S. Venture
uare-ai	Uare.ai
uber	Uber
ubs	UBS
uc-health	UC Health
uhaul	Uhaul
uipath	UiPath
uline	Uline
ultima-genomics	Ultima Genomics
ultra	Ultra
ultra-intelligence-and-communications	Ultra Intelligence and Communications
uncountable	Uncountable
unfpa	UNFPA
unify	Unify
unilever	Unilever
unily	Unily
unisys	Unisys
united-launch-alliance	United Launch Alliance
united-parcel-service-ups	United Parcel Service (UPS)
united-rentals	United Rentals
united-states-tennis-association	United States Tennis Association
united-talent-agency	United Talent Agency
united-therapeutics-corporation	United Therapeutics Corporation
united-wholesale-mortgage	United Wholesale Mortgage
universal	Universal 
universal-orlando-resort	Universal Orlando Resort
university-corporation-for-atmospheric-research	University Corporation for Atmospheric Research
university-health-network	University Health Network
university-of-central-florida	University of Central Florida
university-of-chicago	University of Chicago
university-of-maine-system	University of Maine System
university-of-maryland-college-park	University of Maryland - College Park
university-of-maryland-medical-system	University of Maryland Medical System
university-of-miami	University of Miami
university-of-nevada-reno	University of Nevada Reno
university-of-oklahoma	University of Oklahoma
university-of-southern-california	University of Southern California
university-of-texas-austin	University of Texas - Austin
university-of-virginia	University of Virginia
university-of-wyoming	University of Wyoming
unlikely-ai	Unlikely AI
unlv	UNLV
untillabs	UntilLabs
upbring	Upbring
upstart	Upstart
urbn	URBN
ursa-major	Ursa Major
us-bank	US Bank
us-conec	US Conec
us-foods	US Foods
us-tech-solutions	US Tech Solutions
usa-for-unhcr	USA for UNHCR
usaa	USAA
usafacts	USAFacts
ut-southwestern-medical-center	UT Southwestern Medical Center
utah-state-university	Utah State University
uthealth-houston	UTHealth Houston
vail	Vail
vail-systems	Vail Systems
valeo	Valeo
valero	Valero
valkyrie-trading	Valkyrie Trading
valmont	Valmont
valon	Valon
valsoft	Valsoft
valsoft-corporation	Valsoft Corporation
vanasse-hangen-brustlin-vhb	Vanasse Hangen Brustlin (VHB)
vanderlande-industries	Vanderlande Industries
vanguard	Vanguard
varda	Varda
varda-space	Varda Space
varda-space-industries	Varda Space Industries
varian	Varian
vast	VAST
vatic-investments	Vatic Investments
vaynermedia	VaynerMedia
vcu-health	VCU Health
vectorusa	VectorUSA
vectra	Vectra
veeam-software	Veeam Software
veeva-systems	Veeva Systems
vega-americas	VEGA Americas
velera	Velera
venture-global-lng	Venture Global LNG
veolia	Veolia
vera-institute-of-justice	Vera Institute of Justice
veralto	Veralto
verana-health	Verana Health
vercel	Vercel
verifone	Verifone
verisk	Verisk
verition-fund-management	Verition Fund Management
veritiv-corporation	Veritiv Corporation
verizon-communications	Verizon Communications
verkada	Verkada
vermeer	Vermeer
vermont-information-processing	Vermont Information Processing
versana	Versana
versapay	Versapay
versaterm	Versaterm
vertex	Vertex
vertex-pharmaceuticals	Vertex Pharmaceuticals
vertiv	Vertiv
veryable	Veryable
vetcor	Vetcor
veterans-united	Veterans United
veterans-united-home-loans	Veterans United Home Loans
vetsez	VetsEZ
vf	VF
via	Via
viam	Viam
viasat	ViaSat
viavi	VIAVI
viavi-solutions	Viavi Solutions
viget	Viget
viking-global	Viking Global
viral-nation	Viral Nation
viridien	Viridien
virtu	Virtu
virtu-financial	Virtu Financial
virtua-health	Virtua Health
visa	Visa
visier	Visier
visionist	Visionist
vistra	Vistra
visual-concepts	Visual Concepts
vitol	Vitol
vixxo	Vixxo
vizient	Vizient 
vml-enterprise-solutions	VML Enterprise Solutions
volaris-group	Volaris Group
voloridge	Voloridge
voloridge-health	Voloridge Health
voltus	Voltus
voya-financial	Voya Financial
voyager-technologies	Voyager Technologies
voyant-photonics	Voyant Photonics
vsp-vision	VSP Vision
vulcan-materials	Vulcan Materials
vultr	Vultr
w-r-berkley	W.R. Berkley
w-w-grainger	W.W. Grainger
waabi	Waabi
wabtec	Wabtec
wagner-college	Wagner College
walker-dunlop	Walker & Dunlop
walleye-capital	Walleye Capital
walmart	Walmart
walrus	Walrus
walt-disney-imagineering	Walt Disney Imagineering
wanderlog	Wanderlog
warner-bros	Warner Bros.
warner-music	Warner Music
warp	Warp
warp-payroll	Warp Payroll
wasabi-technologies	Wasabi Technologies
wash-u	Wash U
washpost	Washpost
waste-connections	Waste Connections
waterfall	Waterfall
waters	Waters
waters-corporation	Waters Corporation
watershed	Watershed
wavetronix	Wavetronix
wayfair	Wayfair
waymo	Waymo
waystar	Waystar
wayve	Wayve
wealth-com	Wealth.com
wealth-enhancement-group	Wealth Enhancement Group
wealthsimple	Wealthsimple
weave	Weave
weber-shandwick	Weber Shandwick
webfx	WebFX
wec-energy-group	WEC Energy Group
weis-markets	Weis Markets
wellington-management	Wellington Management
wellmark	Wellmark
wells-enterprises	Wells Enterprises
wells-fargo	Wells Fargo
wellsky	WellSky
welocalize	Welocalize
werfen	Werfen
weride	WeRide
wesco-international	WESCO International
west-virginia-university	West Virginia University
western-alliance	Western Alliance
western-alliance-bancorporation	Western Alliance Bancorporation
western-colorado-university	Western Colorado University
western-digital	Western Digital
western-governors-university	Western Governors University
western-national-insurance	Western National Insurance
western-southern	Western & Southern
western-southern-financial-group	Western & Southern Financial Group
westinghouse	Westinghouse
westinghouse-electric-company	Westinghouse Electric Company
westlake	Westlake
westwood	Westwood
wex	Wex
weyerhaeuser	Weyerhaeuser
wgu	WGU
whatnot	WhatNot
whisper-aero	Whisper Aero
white-cap-supply-holdings	White Cap Supply Holdings
whoop	Whoop
wieland	Wieland
wilbur-ellis	Wilbur-Ellis
william-blair	William Blair
williams	Williams
williams-lea	Williams Lea
williams-sonoma	Williams-Sonoma
willowtree	WillowTree
wiltshire-farm-foods	Wiltshire Farm Foods
wind-river	Wind River
window-nation	Window Nation
wing	Wing
wing-assistant	Wing Assistant
wintermute	Wintermute
wintrust	Wintrust
wipfli	Wipfli
wisdomai	WisdomAI
wisk	Wisk
within	WITHIN
withum	Withum
witness-ai	Witness AI
wme-group	WME Group
wolfspeed	Wolfspeed
wolters-kluwer	Wolters Kluwer
wolverine-trading	Wolverine Trading
wonder	Wonder
wood	Wood
wood-mackenzie	Wood Mackenzie
woodward-governor	Woodward Governor
worcester-polytechnic-institute	Worcester Polytechnic Institute
workato	Workato
workday	Workday
workiva	Workiva
workleap	Workleap
workshop	Workshop
world-kinect	World Kinect
world-surf-league	World Surf League
worldpay	Worldpay
worldquant	WorldQuant
wounded-warrior-project	Wounded Warrior Project
wpp-media	WPP Media
wsp	WSP
wtw	WTW
wurl	Wurl
wvumedicine	WVUMedicine
wyetech	Wyetech
x-energy	X-energy
xai	xAI
xantium	Xantium
xapien	Xapien
xcel-energy	Xcel Energy
xcimer-energy	Xcimer Energy
xometry	Xometry
xos-trucks	Xos Trucks
xpansiv	Xpansiv
xpeng-motors	XPENG Motors
xpo	XPO
xtx-markets	XTX Markets
xylem	Xylem
yahoo	Yahoo
yext	Yext
yodlee	Yodlee
youversion	YouVersion
yugabyte	YugaByte
yusen-logistics	Yusen Logistics
yutori	Yutori
yuzu-health	Yuzu Health
zachry-group	Zachry Group
zapier	Zapier
zebra	Zebra
zebra-technologies	Zebra Technologies
zeeco	Zeeco
zeiss	Zeiss
zep	Zep
zeta-global	Zeta Global
zillow	Zillow
zions-bank	Zions Bank
zip	Zip
zipcar	Zipcar
zipline	Zipline
ziprecruiter	ZipRecruiter
zoetis	Zoetis
zoll	Zoll
zoll-medical-corporation	ZOLL Medical Corporation
zoom	Zoom
zoox	Zoox
zopa	Zopa
zoro	Zoro
zrg	ZRG
zscaler	Zscaler
zuma	Zuma
zurich-insurance	Zurich Insurance
zurn-elkay-water-solutions	Zurn Elkay Water Solutions
zuru	Zuru
zus-health	Zus Health
